{
  "timestamp": "2026-05-15T01:59:50.999007",
  "sector_data": {
    "XLK": {
      "name": "Technology",
      "return_1m": 19.427808619662358,
      "relative_strength": 12.54,
      "volume_ratio": 0.99,
      "momentum_score": 13.66,
      "composite_score": 12.645952154915587
    },
    "XLF": {
      "name": "Financials",
      "return_1m": -1.6867879706804256,
      "relative_strength": -8.58,
      "volume_ratio": 1.1,
      "momentum_score": -1.01,
      "composite_score": -3.5271969926701057
    },
    "XLE": {
      "name": "Energy",
      "return_1m": 4.1427572504049825,
      "relative_strength": -2.75,
      "volume_ratio": 0.59,
      "momentum_score": 5.12,
      "composite_score": 0.7381893126012457
    },
    "XLV": {
      "name": "Healthcare",
      "return_1m": -0.7714687397223585,
      "relative_strength": -7.66,
      "volume_ratio": 0.83,
      "momentum_score": -1.23,
      "composite_score": -3.4363671849305897
    },
    "XLI": {
      "name": "Industrials",
      "return_1m": 1.9453218679368556,
      "relative_strength": -4.95,
      "volume_ratio": 0.84,
      "momentum_score": 0.31,
      "composite_score": -1.4086695330157861
    },
    "XLY": {
      "name": "ConsumerDisc",
      "return_1m": 0.41461995473364155,
      "relative_strength": -6.48,
      "volume_ratio": 0.78,
      "momentum_score": -0.44,
      "composite_score": -2.6043450113165894
    },
    "XLP": {
      "name": "ConsumerStaples",
      "return_1m": 4.835931305705121,
      "relative_strength": -2.05,
      "volume_ratio": 0.57,
      "momentum_score": 0.82,
      "composite_score": 0.05148282642628024
    },
    "XLU": {
      "name": "Utilities",
      "return_1m": -2.433722122433879,
      "relative_strength": -9.32,
      "volume_ratio": 0.87,
      "momentum_score": -1.28,
      "composite_score": -4.38543053060847
    },
    "XLB": {
      "name": "Materials",
      "return_1m": 0.5644162997303637,
      "relative_strength": -6.33,
      "volume_ratio": 1.01,
      "momentum_score": -0.52,
      "composite_score": -2.189395925067409
    },
    "XLRE": {
      "name": "RealEstate",
      "return_1m": 1.1518083431410364,
      "relative_strength": -5.74,
      "volume_ratio": 0.9,
      "momentum_score": -0.32,
      "composite_score": -1.9510479142147408
    },
    "XLC": {
      "name": "Communications",
      "return_1m": -0.21301976712664317,
      "relative_strength": -7.1,
      "volume_ratio": 0.78,
      "momentum_score": -0.02,
      "composite_score": -2.873254941781661
    }
  },
  "sector_rankings": [
    {
      "rank": 1,
      "ticker": "XLK",
      "name": "Technology",
      "score": 12.65,
      "rs": 12.54
    },
    {
      "rank": 2,
      "ticker": "XLE",
      "name": "Energy",
      "score": 0.74,
      "rs": -2.75
    },
    {
      "rank": 3,
      "ticker": "XLP",
      "name": "ConsumerStaples",
      "score": 0.05,
      "rs": -2.05
    },
    {
      "rank": 4,
      "ticker": "XLI",
      "name": "Industrials",
      "score": -1.41,
      "rs": -4.95
    },
    {
      "rank": 5,
      "ticker": "XLRE",
      "name": "RealEstate",
      "score": -1.95,
      "rs": -5.74
    },
    {
      "rank": 6,
      "ticker": "XLB",
      "name": "Materials",
      "score": -2.19,
      "rs": -6.33
    },
    {
      "rank": 7,
      "ticker": "XLY",
      "name": "ConsumerDisc",
      "score": -2.6,
      "rs": -6.48
    },
    {
      "rank": 8,
      "ticker": "XLC",
      "name": "Communications",
      "score": -2.87,
      "rs": -7.1
    },
    {
      "rank": 9,
      "ticker": "XLV",
      "name": "Healthcare",
      "score": -3.44,
      "rs": -7.66
    },
    {
      "rank": 10,
      "ticker": "XLF",
      "name": "Financials",
      "score": -3.53,
      "rs": -8.58
    },
    {
      "rank": 11,
      "ticker": "XLU",
      "name": "Utilities",
      "score": -4.39,
      "rs": -9.32
    }
  ],
  "leading_sectors": [
    "XLK",
    "XLE",
    "XLP"
  ],
  "lagging_sectors": [
    "XLV",
    "XLF",
    "XLU"
  ],
  "rotation_signal": "RISK_ON_GROWTH",
  "rotation_velocity": "FAST",
  "tech_leadership": true,
  "semi_leadership": true,
  "defensive_rotation": false,
  "offensive_rotation": true,
  "market_character": "MOMENTUM_GROWTH",
  "data_quality": "good"
}