{
  "timestamp": "2026-05-17T07:23:18.344730",
  "sector_data": {
    "XLK": {
      "name": "Technology",
      "return_1m": 15.94526348712002,
      "relative_strength": 10.6,
      "volume_ratio": 1.34,
      "momentum_score": 10.87,
      "composite_score": 10.923815871780004
    },
    "XLF": {
      "name": "Financials",
      "return_1m": -1.7874309571305202,
      "relative_strength": -7.13,
      "volume_ratio": 0.89,
      "momentum_score": -1.62,
      "composite_score": -3.5123577392826304
    },
    "XLE": {
      "name": "Energy",
      "return_1m": 5.054783851358158,
      "relative_strength": -0.29,
      "volume_ratio": 0.86,
      "momentum_score": 6.62,
      "composite_score": 2.6071959628395396
    },
    "XLV": {
      "name": "Healthcare",
      "return_1m": -1.0299396361432955,
      "relative_strength": -6.38,
      "volume_ratio": 0.97,
      "momentum_score": -1.75,
      "composite_score": -2.9729849090358234
    },
    "XLI": {
      "name": "Industrials",
      "return_1m": 0.6281876674263165,
      "relative_strength": -4.72,
      "volume_ratio": 0.93,
      "momentum_score": -2.09,
      "composite_score": -2.1224530831434207
    },
    "XLY": {
      "name": "ConsumerDisc",
      "return_1m": -0.9351343193108264,
      "relative_strength": -6.28,
      "volume_ratio": 1.41,
      "momentum_score": -2.07,
      "composite_score": -2.334283579827707
    },
    "XLP": {
      "name": "ConsumerStaples",
      "return_1m": 3.942034965544061,
      "relative_strength": -1.4,
      "volume_ratio": 1.08,
      "momentum_score": 0.78,
      "composite_score": 0.8105087413860155
    },
    "XLU": {
      "name": "Utilities",
      "return_1m": -5.3505925002802375,
      "relative_strength": -10.7,
      "volume_ratio": 1.08,
      "momentum_score": -3.73,
      "composite_score": -5.895148125070059
    },
    "XLB": {
      "name": "Materials",
      "return_1m": -2.801933841428894,
      "relative_strength": -8.15,
      "volume_ratio": 1.11,
      "momentum_score": -3.94,
      "composite_score": -4.372983460357224
    },
    "XLRE": {
      "name": "RealEstate",
      "return_1m": -1.3239027913116819,
      "relative_strength": -6.67,
      "volume_ratio": 0.96,
      "momentum_score": -2.33,
      "composite_score": -3.3079756978279202
    },
    "XLC": {
      "name": "Communications",
      "return_1m": -2.314230377535287,
      "relative_strength": -7.66,
      "volume_ratio": 0.95,
      "momentum_score": -0.69,
      "composite_score": -3.507057594383822
    }
  },
  "sector_rankings": [
    {
      "rank": 1,
      "ticker": "XLK",
      "name": "Technology",
      "score": 10.92,
      "rs": 10.6
    },
    {
      "rank": 2,
      "ticker": "XLE",
      "name": "Energy",
      "score": 2.61,
      "rs": -0.29
    },
    {
      "rank": 3,
      "ticker": "XLP",
      "name": "ConsumerStaples",
      "score": 0.81,
      "rs": -1.4
    },
    {
      "rank": 4,
      "ticker": "XLI",
      "name": "Industrials",
      "score": -2.12,
      "rs": -4.72
    },
    {
      "rank": 5,
      "ticker": "XLY",
      "name": "ConsumerDisc",
      "score": -2.33,
      "rs": -6.28
    },
    {
      "rank": 6,
      "ticker": "XLV",
      "name": "Healthcare",
      "score": -2.97,
      "rs": -6.38
    },
    {
      "rank": 7,
      "ticker": "XLRE",
      "name": "RealEstate",
      "score": -3.31,
      "rs": -6.67
    },
    {
      "rank": 8,
      "ticker": "XLC",
      "name": "Communications",
      "score": -3.51,
      "rs": -7.66
    },
    {
      "rank": 9,
      "ticker": "XLF",
      "name": "Financials",
      "score": -3.51,
      "rs": -7.13
    },
    {
      "rank": 10,
      "ticker": "XLB",
      "name": "Materials",
      "score": -4.37,
      "rs": -8.15
    },
    {
      "rank": 11,
      "ticker": "XLU",
      "name": "Utilities",
      "score": -5.9,
      "rs": -10.7
    }
  ],
  "leading_sectors": [
    "XLK",
    "XLE",
    "XLP"
  ],
  "lagging_sectors": [
    "XLF",
    "XLB",
    "XLU"
  ],
  "rotation_signal": "RISK_ON_GROWTH",
  "rotation_velocity": "FAST",
  "tech_leadership": true,
  "semi_leadership": true,
  "defensive_rotation": false,
  "offensive_rotation": true,
  "market_character": "MOMENTUM_GROWTH",
  "data_quality": "good"
}